대분류,소분류
구이,갈비구이
구이,갈치구이
구이,고등어구이
구이,곱창구이
구이,닭갈비
구이,더덕구이
구이,떡갈비
구이,불고기
구이,삼겹살
구이,장어구이
구이,조개구이
구이,황태구이
국,계란국
국,떡국/만둣국
국,무국
국,미역국
국,북엇국
국,소고기무국
국,시래기국
국,육개장
국,콩나물국
김치,갓김치
김치,깍두기
김치,나박김치
김치,무생채
김치,배추김치
김치,백김치
김치,부추김치
김치,열무김치
김치,오이소박이
김치,총각김치
김치,파김치
나물,가지볶음
나물,고사리나물
나물,미역줄기볶음
나물,숙주나물
나물,시금치나물
나물,애호박볶음
떡,경단
면,막국수
면,물냉면
면,비빔냉면
면,수제비
면,열무국수
면,잔치국수
면,쫄면
면,칼국수
면,콩국수
면,라면
면,자장면
면,짬뽕
무침,고추된장무침
무침,꽈리고추무침
무침,도토리묵
무침,잡채
무침,도라지무침
무침,콩나물무침
무침,홍어무침
밥,김밥
밥,김치볶음밥
밥,비빔밥
밥,새우유부밥
밥,알밥
밥,잡곡밥
밥,주먹밥
밥,유부초밥
볶음,건새우볶음
볶음,오징어채볶음
볶음,감자채볶음
볶음,고추장진미채볶음
볶음,두부김치
볶음,떡볶이
볶음,라볶이
볶음,멸치볶음
볶음,소세지볶음
볶음,어묵볶음
볶음,제육볶음
볶음,쭈꾸미볶음
쌈,보쌈
음청류,수정과
음청류,식혜
